word,freq
technician,262
back,115
tech,100
pain,90
left,79
site,69
right,68
felt,68
tower,67
work,61
employee,52
nacelle,47
hand,47
first,46
cut,44
hub,43
day,42
knee,41
finger,40
motor,39
ehs,39
turbine,38
reported,36
gearbox,33
aid,33
causing,31
climb,31
bag,31
ladder,31
pitch,30
truck,28
technicians,28
small,27
deck,27
yaw,26
morning,26
working,26
slipped,26
shaft,25
manager,25
injury,24
box,24
side,24
went,24
climbing,24
wrench,24
called,23
using,22
hit,22
noticed,22
eye,21
oil,21
removing,21
wtg,21
door,21
next,20
maintenance,20
head,20
minor,20
generator,20
gloves,20
time,20
continued,19
fell,19
sharp,19
team,19
bolt,18
top,18
lift,18
blade,18
techs,18
shop,18
injured,18
tool,18
nurse,18
bearing,18
applied,17
struck,17
onto,17
wearing,17
around,17
walking,17
arm,17
lower,17
rotor,16
approximately,16
main,16
lead,16
incident,16
middle,16
thumb,16
caused,15
get,15
came,15
two,15
position,15
feeling,15
started,15
performing,15
torque,15
got,15
put,15
climbed,15
one,15
leg,15
process,14
metal,14
end,14
area,14
way,14
ground,14
used,14
bolts,14
line,14
notified,14
assist,13
lifting,13
just,13
job,13
foot,13
contact,13
immediately,12
plate,12
moving,12
soreness,12
completed,12
caught,12
wind,12
ring,12
upon,12
able,11
lock,11
finished,11
event,11
swelling,11
place,11
safety,11
began,11
shoulder,11
stopped,11
tight,11
erad,11
speed,11
another,11
little,11
medical,11
index,11
slip,11
contractor,11
new,10
rest,10
sore,10
still,10
repair,10
placed,10
pulled,10
wrist,10
handle,10
second,10
elbow,10
rear,10
near,10
feel,10
triage,10
upper,10
report,10
battery,10
contacted,10
removed,10
edge,10
hatch,10
cover,10
drive,9
bedplate,9
inside,9
due,9
case,9
putting,9
woke,9
laceration,9
opening,9
exchange,9
discomfort,9
took,9
brake,9
impact,9
puck,9
coordinator,9
water,9
made,9
front,9
weight,9
broke,8
installing,8
platform,8
glasses,8
employees,8
motion,8
power,8
pulling,8
piece,8
coupler,8
arrived,8
cleaned,8
treatment,8
coming,8
reached,8
slight,8
open,8
pallet,8
said,8
cable,8
support,8
transitioning,8
completing,8
task,8
asked,8
office,8
half,8
stated,8
self,8
filter,8
pin,8
individual,8
stepping,7
supervisor,7
cap,7
activities,7
approx,7
away,7
received,7
pinched,7
skin,7
axis,7
became,7
move,7
changing,7
replacement,7
thought,7
chest,7
affected,7
cutting,7
gear,7
amount,7
transition,7
loose,7
bleeding,7
feet,7
basket,7
enough,7
hospital,7
pressure,7
stepped,7
normal,7
cabinet,7
heat,7
step,7
bracket,7
drill,7
heavy,7
light,7
stop,7
replacing,7
steps,7
care,7
sitting,7
dta,7
forearm,7
low,7
force,6
towards,6
without,6
advised,6
bed,6
bending,6
didnt,6
part,6
set,6
stairs,6
throughout,6
worse,6
across,6
wall,6
make,6
see,6
kit,6
hands,6
equipment,6
management,6
lbs,6
tried,6
help,6
home,6
large,6
pump,6
tip,6
resulting,6
landed,6
troubleshoot,6
call,6
hurt,6
leadership,6
nut,6
previous,6
pop,6
entered,6
better,6
granite,6
tractel,6
returned,6
minutes,6
pull,6
bit,6
getting,6
bruising,6
bottom,6
tools,6
attempting,6
continue,6
lowering,6
strain,6
last,6
frame,6
nose,6
thread,6
sent,6
fall,5
assistance,5
diamond,5
remove,5
also,5
ice,5
may,5
lot,5
walked,5
muscle,5
night,5
alignment,5
will,5
body,5
stuck,5
casting,5
gave,5
proceeded,5
start,5
dropped,5
lost,5
palm,5
cleaning,5
portable,5
forehead,5
gate,5
crew,5
issue,5
bad,5
informed,5
section,5
wanted,5
located,5
parts,5
attention,5
doctor,5
hour,5
push,5
knife,5
superficial,5
swung,5
hard,5
leaving,5
knuckle,5
level,5
resistant,5
delivery,5
going,5
gen,5
une,5
hydraulic,5
aidwhile,5
found,5
like,5
holding,5
bite,5
something,5
ees,5
broken,5
load,5
pelican,5
tooling,5
hole,5
neck,5
turned,5
bucket,5
grease,5
boxes,5
car,5
vehicle,5
troubleshooting,5
well,5
entering,4
loto,4
block,4
mount,4
experiencing,4
seemed,4
today,4
required,4
stiff,4
fiberglass,4
building,4
full,4
scrapes,4
tripped,4
break,4
converter,4
technician<e3><U+00A2>€™s,4
center,4
monitor,4
now,4
shift,4
annual,4
bicep,4
pick,4
socket,4
standing,4
high,4
loading,4
arriving,4
base,4
awkward,4
coolant,4
attempted,4
free,4
positioned,4
moved,4
gbx,4
particle,4
ridge,4
afternoon,4
unable,4
plywood,4
shipping,4
toward,4
ibuprofen,4
keep,4
applying,4
disc,4
scope,4
turn,4
assigned,4
system,4
shock,4
lay,4
driving,4
trying,4
bandage,4
hammer,4
picked,4
specialist,4
hat,4
worn,4
face,4
clean,4
bags,4
sunday,4
forward,4
ready,4
days,4
flange,4
grab,4
slightly,4
material,4
sensation,4
multiple,4
shooting,4
wire,4
glove,4
abrasion,4
observed,4
road,4
shirt,4
point,4
following,4
groin,4
legs,4
apply,4
balance,4
floor,4
pushing,4
hardhat,4
proper,4
shelf,4
tuff,4
later,4
much,4
determined,4
loosening,4
august,4
mid,4
clear,4
shifted,4
boot,4
impacted,4
spot,4
pushed,4
containment,4
tightening,4
appointment,4
intersection,4
chain,3
downtower,3
happened,3
cat,3
ppe,3
present,3
climbs,3
visible,3
helping,3
height,3
protruding,3
taking,3
parking,3
bleed,3
magnets,3
angle,3
tightness,3
twisted,3
twisting,3
install,3
anything,3
monday,3
saturday,3
checking,3
preparing,3
root,3
torqueing,3
needed,3
recall,3
long,3
repetitive,3
company,3
person,3
hose,3
drift,3
via,3
flush,3
cables,3
decided,3
spider,3
striking,3
brought,3
initial,3
quickly,3
sliding,3
unloading,3
guidance,3
bruised,3
saddle,3
feels,3
regular,3
stretched,3
travel,3
tube,3
seek,3
colleague,3
meet,3
per,3
procedure,3
requested,3
replaced,3
electrical,3
exited,3
shin,3
gun,3
release,3
training,3
sleeve,3
exhaustion,3
signs,3
situation,3
behind,3
key,3
finishing,3
occurred,3
bandaid,3
bulb,3
bar,3
barrel,3
hours,3
mild,3
drop,3
eyewash,3
green,3
missed,3
several,3
since,3
slipring,3
come,3
field,3
heating,3
race,3
douleur,3
evening,3
nuts,3
taken,3
twinge,3
carrying,3
walk,3
evaluation,3
outside,3
housing,3
assembly,3
released,3
ee<e3><U+00A2>€™s,3
stirrup,3
county,3
size,3
sting,3
old,3
unit,3
condition,3
inspection,3
utilize,3
secure,3
access,3
lowered,3
panel,3
trouble,3
control,3
remaining,3
brushes,3
footing,3
fine,3
puller,3
begin,3
uptower,3
complete,3
keyway,3
rigging,3
shackles,3
stand,3
local,3
tasks,3
pains,3
crane,3
shackel,3
handing,3
bruise,3
conditions,3
grasp,3
order,3
red,3
waiting,3
fault,3
snow,3
loosen,3
returning,3
soon,3
followed,3
weekend,3
drum,3
underneath,3
corner,3
handrail,3
turbines,3
friday,3
hitting,3
batteries,3
nail,3
boots,3
cardboard,3
valve,3
band,3
tray,3
proto,3
spinner,3
screwdriver,3
mounting,2
catwalk,2
fatigue,2
performed,2
short,2
carry,2
waste,2
looking,2
mold,2
past,2
seen,2
south,2
spar,2
gravel,2
landing,2
lighting,2
range,2
sure,2
temporary,2
bumped,2
degree,2
including,2
progress,2
string,2
odd,2
pucks,2
torquing,2
assisted,2
picking,2
space,2
perform,2
stinging,2
think,2
tendon,2
grip,2
larger,2
pounds,2
roughly,2
harness,2
scrap,2
positioning,2
attempt,2
encoder,2
non,2
latch,2
prepare,2
wash,2
descent,2
fracture,2
hrs,2
rope,2
tsl,2
vendor,2
blow,2
reacted,2
unknown,2
winds,2
brush,2
stung,2
throat,2
halo,2
iced,2
popped,2
strike,2
sudden,2
adjustable,2
almost,2
attached,2
canada,2
ended,2
experience,2
inch,2
meeting,2
related,2
minute,2
slid,2
thin,2
want,2
hip,2
installation,2
motors,2
immediate,2
number,2
reporting,2
slowly,2
tension,2
nitrile,2
soap,2
washed,2
status,2
edges,2
guide,2
sleeves,2
checked,2
decision,2
drinking,2
finish,2
managers,2
sweating,2
take,2
holder,2
lifted,2
drilling,2
facilitate,2
mxt,2
scratches,2
shortly,2
appropriate,2
packaging,2
replace,2
wipe,2
gets,2
bring,2
coworker,2
maneuvering,2
assess,2
planned,2
problem,2
irritated,2
simple,2
hung,2
mouth,2
rung,2
safe,2
tooth,2
assumed,2
movement,2
handling,2
supporting,2
accident,2
close,2
however,2
properly,2
require,2
spring,2
plastic,2
hot,2
intermediate,2
spun,2
dans,2
plus,2
text,2
tuesday,2
wednesday,2
dislodged,2
pound,2
ram,2
believing,2
recommended,2
subside,2
treated,2
visit,2
appear,2
scratch,2
starts,2
gone,2
less,2
insulation,2
july,2
retractable,2
along,2
action,2
steel,2
strip,2
bee,2
passenger,2
seat,2
similar,2
times,2
leader,2
thing,2
crouched,2
reaching,2
subsided,2
align,2
pads,2
shroud,2
completion,2
computer,2
hoist,2
notice,2
takes,2
liftbag,2
exiting,2
pieces,2
ratchet,2
deployed,2
dispatched,2
removal,2
advice,2
falling,2
held,2
need,2
provided,2
realized,2
scheduled,2
thursday,2
worked,2
directed,2
bushing,2
enerpac,2
unassisted,2
crossed,2
burning,2
reinstalling,2
hurting,2
performs,2
progressively,2
week,2
year,2
adapter,2
pinch,2
reach,2
toe,2
avoid,2
lacerations,2
wedged,2
plating,2
fingers,2
tailgate,2
inches,2
placing,2
protected,2
oncoming,2
traffic,2
looked,2
transformer,2
sat,2
tweaked,2
relieve,2
april,2
leaning,2
nausea,2
symptoms,2
filters,2
funnel,2
watching,2
calibrate,2
maneuver,2
specific,2
air,2
strong,2
use,2
min,2
vomited,2
bump,2
inform,2
assessment,2
duties,2
increasing,2
mon,2
wed,2
heard,2
sought,2
organizing,2
ball,2
thumbnail,2
done,2
ankle,2
pack,2
port,2
burr,2
cms,2
dec,2
instructed,2
bim,2
closing,2
lose,2
rod,2
eyebrow,2
booties,2
headache,2
itching,2
clinic,2
flow,2
station,2
airbags,2
van,2
vehicles,2
hotline,2
bearings,1
bound,1
chin,1
extra,1
repositioning,1
rigged,1
direct,1
elastomeric,1
film,1
slippped,1
walks,1
diminished,1
numerous,1
particular,1
periodemployee,1
treating,1
activates,1
involved,1
kneeling,1
aberdeen,1
activity,1
aisleway,1
dakota,1
factory,1
gaging,1
gem,1
launch,1
molded,1
photos,1
square,1
tall,1
walkway,1
<e3><U+00A2>€™<e3><U+00A2>€<e2><U+009D>,1
can,1
chock,1
warned,1
inbetween,1
pinky,1
suddenly,1
together,1
draw,1
retuned,1
angles,1
ceased,1
exertion,1
placement,1
pressing,1
prying,1
confined,1
concern,1
concerned,1
pullsall,1
question,1
stiffness,1
tasked,1
closer,1
extended,1
extending,1
grabbing,1
hyper,1
lying,1
ruptured,1
tbolts,1
allowed,1
man,1
alleviate,1
duration,1
grating,1
requires,1
stretching,1
ligament,1
rental,1
clamp,1
pullzall,1
fixed,1
fowler,1
anchor,1
composure,1
configured,1
faster,1
leave,1
maintained,1
november,1
owned,1
safely,1
somehow,1
<e3><U+00A2>€™,1
hippelvic,1
blowing,1
flew,1
laid,1
strapped,1
allergic,1
beewasp,1
beginning,1
stings,1
wasp,1
buddle,1
result,1
assists,1
consistently,1
improved,1
lack,1
popping,1
simply,1
yesterday,1
analysis<e3><U+00A2>€™,1
breeze,1
commencing,1
gears,1
jsa<e3><U+00A2>€™s,1
kent,1
mechanical,1
members,1
pmg,1
powerful,1
prejob,1
procedures,1
reassembling,1
recorded,1
reviewed,1
stitches,1
three,1
tighten,1
tighter,1
<e3><U+00A2>€™s,1
cooler,1
hadn<e3><U+00A2>€™t,1
hood,1
layer,1
locked,1
painat,1
vent,1
fix,1
unplanned,1
lowing,1
according,1
core,1
heath,1
hotel,1
projects,1
retention,1
return,1
sever,1
shut,1
spasm,1
element,1
shrink,1
trigger,1
rebandaged,1
wrap,1
bruiseslight,1
worsens,1
blue,1
choked,1
dead,1
muddy,1
swinging,1
rescue,1
simulating,1
told,1
bottles,1
confused,1
dazed,1
discussed,1
profusely,1
surreal,1
talked,1
taskehs,1
vitals,1
bent,1
enclosure,1
knelling,1
nde,1
alcohol,1
antibiotic,1
areas,1
commenced,1
saddledeck,1
snapped,1
swabs,1
technicianstechnician,1
triple,1
antiseptic,1
consisted,1
manipulate,1
nicked,1
onlytech,1
screw,1
easily,1
fork,1
forklifts,1
happens,1
occasionally,1
offloading,1
pry,1
smashedpinched,1
though,1
garage,1
march,1
medicate,1
serious,1
starting,1
decks,1
dirty,1
fogged,1
heavily,1
chipping,1
descend,1
gusting,1
lad,1
raising,1
winching,1
acute,1
controlled,1
knelt,1
whenever,1
aligning,1
armwrist,1
shoot,1
catching,1
closed,1
hanging,1
prevent,1
resistance,1
smashed,1
sprung,1
suture,1
things,1
banding,1
bore,1
burn,1
difficult,1
engineer,1
expanded,1
heated,1
hills,1
inner,1
manually,1
severe,1
smoky,1
apr<e3><U+0083><e2><U+00A8>s,1
camion,1
cepandant,1
chez,1
compagnie,1
composante,1
continuer,1
est,1
gaucheil,1
grosse,1
lendemain,1
l<e3><U+0083><e2><U+00A9>paule,1
medecin,1
m<e3><U+0083><e2><U+00AA>me,1
persistait,1
planifier,1
pour,1
pousser,1
remonter,1
rendezvous,1
ressentie,1
r<e3><U+0083><e2><U+00A9>sentie,1
soir<e3><U+0083><e2><U+00A9>,1
son,1
technicien,1
travailler,1
voulu,1
v<e3><U+0083><e2><U+00A9>rifier,1
<e3><U+0083><e2>,1
<e3><U+0083><e2><U+00A9>olienne,1
<e3><U+0083><e2><U+00A9>paule,1
changed,1
messaged,1
helical,1
periorbital,1
points,1
projected,1
reaction,1
separate,1
stage,1
victims,1
winergy,1
bims,1
decking,1
electric,1
heads,1
least,1
manual,1
poor,1
realizing,1
rev,1
rags,1
thedeck,1
towerhe,1
didn<e3><U+00A2>€™t,1
change,1
cleanup,1
emergency,1
extreme,1
hoses,1
paperwork,1
plateau,1
rep,1
spent,1
delo,1
pall,1
rubbed,1
firstaid,1
hardware,1
incision,1
outer,1
scraped,1
waterfall,1
chips,1
cord,1
machining,1
partner,1
provide,1
centrifugal,1
disassembling,1
frame<e3><U+00A2>€™s,1
arrival,1
extremely,1
headed,1
inflamed,1
mosquito,1
pea,1
shook,1
thinks,1
west,1
chair,1
doesnt,1
inspected,1
recently,1
shouldertech,1
swapping,1
aidee,1
bone,1
braces,1
funny,1
numb,1
easy,1
medication,1
notification,1
otc,1
pad,1
regional,1
ride,1
stiffened,1
strange,1
stretches,1
warranty,1
catastrophic,1
failure,1
fishbowlbracket,1
throbbing,1
dodge,1
ship,1
tolerable,1
rising,1
aroundstretching,1
changes,1
halfway,1
indicates,1
party,1
engage,1
entry,1
preparation,1
awoke,1
bother,1
leaned,1
progressing,1
try,1
tweek,1
arms,1
indicated,1
overnight,1
reassess,1
tweak,1
chip,1
gray,1
paint,1
canister,1
nitrle,1
puncture,1
sliver,1
containing,1
disassembled,1
disassembly,1
hook,1
mcc,1
service,1
springloaded,1
toolingequipment,1
<e3><U+00A2>€<e5><U+0093>slip<e3><U+00A2>€<e2><U+009D>,1
cause,1
fair,1
maybe,1
notices,1
ordinary,1
bolted,1
onlytechnician,1
hid,1
iron,1
ladders,1
materials,1
straining,1
ability,1
adequate,1
bounced,1
confident,1
fit,1
inquired,1
length,1
replied,1
shallow,1
shaped,1
backup,1
respond,1
attaching,1
closure,1
individuals,1
spitz,1
tab,1
tensioning,1
exhaust,1
stacks,1
sustained,1
unload,1
collect,1
considered,1
contract,1
disposable,1
hazard,1
labour,1
normally,1
protect,1
rigger,1
rubber,1
spare,1
steady,1
swing,1
whilst,1
workshop,1
contained,1
lunch,1
spine,1
weighed,1
aggravated,1
arc,1
assisting,1
desire,1
downwards,1
duty,1
evaluate,1
initiate,1
momentum,1
nights,1
pins,1
presence,1
recovery,1
referred,1
shackle,1
sleep,1
unscrewed,1
give,1
misjudged,1
rungs,1
thier,1
acting,1
failed,1
nostril,1
pumping,1
subcontractor,1
thrown,1
ceplattyn,1
conducting,1
kwp,1
subsiding,1
tingling,1
acid,1
cloud,1
dried,1
formed,1
autoluber,1
casing,1
affecting,1
five,1
inspections,1
knees,1
really,1
straight,1
tearing,1
towers,1
creating,1
cribbing,1
crushing,1
executed,1
moons,1
uncontrollably,1
keeping,1
metatarsals,1
rig,1
ton,1
physical,1
recent,1
gathering,1
hyperextend,1
switch,1
twist,1
uneven,1
assesment,1
drivin,1
effective,1
hss,1
injuryinternal,1
known,1
noted,1
outward,1
recieving,1
releaased,1
rocking,1
seal,1
seized,1
spin,1
avoided,1
bearingtech,1
fingerhe,1
floorbearing,1
garbage,1
hinge,1
instead,1
issuestech,1
nearest,1
reports,1
setting,1
ballast,1
numbness,1
chipped,1
dring,1
proceed,1
raise,1
cage,1
distance,1
dropping,1
rib,1
staged,1
strap,1
technic,1
touching,1
forefinger,1
grasping,1
hyperextension,1
icysnowy,1
kneepads,1
legshin,1
nacelleforward,1
slick,1
slipemployee,1
surface,1
trapped,1
collision,1
farm,1
fast,1
rate,1
rollins,1
silver,1
snowyslippery,1
steer,1
beam,1
occured,1
bruises,1
grosmorne,1
cabine,1
entrance,1
montgagne,1
seche,1
themovalve,1
toubleshoot,1
transport,1
turbinetech,1
grade,1
ratcheting,1
successful,1
trade,1
unsuccessful,1
advise,1
capable,1
available,1
bow,1
stationed,1
unavailable,1
pillow,1
reset,1
stumbled,1
lumbar,1
backpack,1
brakes,1
follow,1
icing,1
junction,1
clammy,1
confusion,1
dizziness,1
incidents,1
kept,1
loraine,1
member,1
drain,1
gallon,1
nearby,1
secondary,1
affect,1
california,1
fithian,1
forceful,1
stopping,1
whiplash,1
adding,1
configuration,1
cross,1
naturally,1
provides,1
stability,1
tilted,1
waited,1
fishbowl,1
injuries,1
scrape,1
suffered,1
topbox,1
cabinets,1
exchanger,1
included,1
levels,1
maintenances,1
worth,1
correctly,1
crawl,1
installed,1
pistons,1
retensioning,1
rowing,1
cant,1
although,1
established,1
exacerbated,1
humidity,1
likely,1
nauseated,1
probably,1
showed,1
sick,1
sip,1
sit,1
peace,1
bishop,1
dollar,1
drove,1
examined,1
hill,1
illinois,1
resource,1
swollen,1
wrapping,1
backneck,1
hurlburt,1
hytorc,1
states,1
turns,1
worsened,1
given,1
helmet,1
request,1
sub,1
techeol,1
canvas,1
cone,1
techncian,1
exposed,1
forgot,1
greasing,1
prior,1
redon,1
scalp,1
selfperform,1
temporarily,1
blocking,1
punctured,1
shoelaces,1
staple,1
upside,1
wedge,1
wooden,1
ajustable,1
crushed,1
jam,1
bandaged,1
rolled,1
conduct,1
enter,1
formal,1
nov,1
servicing,1
significant,1
thurs,1
tues,1
blades,1
dramatically,1
lowermiddle,1
railing,1
scooted,1
slide,1
snowing,1
temperature,1
tcv,1
glucosamine,1
joint,1
objects,1
services,1
usually,1
buttocks,1
javelina,1
restroom,1
toilet,1
determine,1
discussing,1
examination,1
extent,1
flat,1
noon,1
remainder,1
stacked,1
weighing,1
drifted,1
guard,1
highway,1
interstate,1
rail,1
contacting,1
onlya,1
peen,1
tap,1
gotten,1
transferring,1
wants,1
yet,1
response,1
smacked,1
adhesive,1
attachments,1
insert,1
rated,1
retain,1
split,1
ssb,1
basement,1
fold,1
greaseoil,1
residue,1
swell,1
decrease,1
golf,1
says,1
swelled,1
lip,1
pinching,1
aft,1
backer,1
covered,1
mechanics,1
slept,1
spinning,1
tear,1
wear,1
cutscratch,1
raised,1
accumulator,1
brushed,1
check,1
cold,1
cotton,1
damage,1
dragged,1
fabric,1
sensor,1
slice,1
snag,1
wiring,1
ziptie,1
fully,1
previously,1
recovered,1
guardrail,1
traps,1
requiring,1
faults,1
mentioned,1
resting,1
stretch,1
bedframe,1
droped,1
elbows,1
fan,1
forearms,1
pan,1
soles,1
becoming,1
component,1
designed,1
gbxtoframe,1
ims,1
purpose,1
pusher,1
reinstallation,1
threaded,1
wise,1
weld,1
amounts,1
barely,1
crescent,1
medium,1
nosecone,1
sized,1
grbx,1
actuation,1
ascended,1
button,1
controller,1
elevate,1
engaged,1
press,1
prevented,1
thick,1
pdc,1
backed,1
mud,1
stair,1
allen,1
slammed,1
value,1
whole,1
buckle,1
displayed,1
accidentally,1
armpit,1
backwards,1
bin,1
bumpers,1
effect,1
feed,1
rolling,1
stood,1
trash,1
bridge,1
knocking,1
bundle,1
cubital,1
fossa,1
tie,1
zip,1
experienced,1
jacket,1
recommendations,1
selfcare,1
yellow,1
communication,1
inspect,1
voltage,1
epoxied,1
outlined,1
accompany,1
claim,1
comp,1
contributing,1
factor,1
file,1
incidentinjury,1
inspecting,1
jan,1
lid,1
occupational,1
restless,1
workers,1
cleared,1
descended,1
evacuated,1
investigate,1
melting,1
odor,1
opened,1
physician,1
resume,1
review,1
smell,1
temp,1
touch,1
abrasions,1
blurred,1
embedded,1
exam,1
foreign,1
object,1
passed,1
prescription,1
vision,1
fore,1
glass,1
holds,1
launched,1
mounted,1
vrad,1
fusion,1
knocked,1
lump,1
missing,1
prepared,1
jun,1
limited,1
breaking,1
flatbed,1
semi,1
tarp,1
trailer,1
wasps,1
bracing,1
unexpectedly,1
far,1
shelving,1
brace,1
lanyard,1
unknowingly,1
carport,1
dirtdebris,1
alerted,1
believed,1
continuous,1
eyes,1
obtain,1
residual,1
rub,1
shell,1
sweat,1
tellus,1
defective,1
fingerge,1
sling,1
sticking,1
necessary,1
refused,1
additional,1
anticipated,1
approached,1
approaching,1
blind,1
corn,1
corners,1
creston,1
declined,1
destroying,1
encountered,1
fields,1
knuckles,1
medicated,1
observe,1
petersburg,1
precaution,1
reassessed,1
remote,1
roads,1
semiannual,1
already,1
complaining,1
cream,1
else,1
fist,1
personal,1
rash,1
shower,1
suggested,1
washing,1
welts,1
